Name,Label
cat_0,Cat
cat_1,Cat
cat_10,Cat
cat_100,Cat
cat_1000,Cat
cat_1001,Cat
cat_1002,Cat
cat_1003,Cat
cat_1004,Cat
cat_1005,Cat
cat_1006,Cat
cat_1007,Cat
cat_1008,Cat
cat_1009,Cat
cat_101,Cat
cat_1010,Cat
cat_1011,Cat
cat_1012,Cat
cat_1013,Cat
cat_1014,Cat
cat_1015,Cat
cat_1016,Cat
cat_1017,Cat
cat_1018,Cat
cat_1019,Cat
cat_102,Cat
cat_1020,Cat
cat_1021,Cat
cat_1022,Cat
cat_1023,Cat
cat_1024,Cat
cat_1025,Cat
cat_1026,Cat
cat_1027,Cat
cat_1028,Cat
cat_1029,Cat
cat_103,Cat
cat_1030,Cat
cat_1031,Cat
cat_1032,Cat
cat_1033,Cat
cat_1034,Cat
cat_1035,Cat
cat_1036,Cat
cat_1037,Cat
cat_1038,Cat
cat_1039,Cat
cat_104,Cat
cat_1040,Cat
cat_1041,Cat
cat_1042,Cat
cat_1043,Cat
cat_1044,Cat
cat_1045,Cat
cat_1046,Cat
cat_1047,Cat
cat_1048,Cat
cat_1049,Cat
cat_105,Cat
cat_1050,Cat
cat_1051,Cat
cat_1052,Cat
cat_1053,Cat
cat_1054,Cat
cat_1055,Cat
cat_1056,Cat
cat_1057,Cat
cat_1058,Cat
cat_1059,Cat
cat_106,Cat
cat_1060,Cat
cat_1061,Cat
cat_1062,Cat
cat_1063,Cat
cat_1064,Cat
cat_1065,Cat
cat_1066,Cat
cat_1067,Cat
cat_1068,Cat
cat_1069,Cat
cat_107,Cat
cat_1070,Cat
cat_1071,Cat
cat_1072,Cat
cat_1073,Cat
cat_1074,Cat
cat_1075,Cat
cat_1076,Cat
cat_1077,Cat
cat_1078,Cat
cat_1079,Cat
cat_108,Cat
cat_1080,Cat
cat_1081,Cat
cat_1082,Cat
cat_1083,Cat
cat_1084,Cat
cat_1085,Cat
cat_1086,Cat
cat_1087,Cat
cat_1088,Cat
cat_1089,Cat
cat_109,Cat
cat_1090,Cat
cat_1091,Cat
cat_1092,Cat
cat_1093,Cat
cat_1094,Cat
cat_1095,Cat
cat_1096,Cat
cat_1097,Cat
cat_1098,Cat
cat_1099,Cat
cat_11,Cat
cat_110,Cat
cat_1100,Cat
cat_1101,Cat
cat_1102,Cat
cat_1103,Cat
cat_1104,Cat
cat_1105,Cat
cat_1106,Cat
cat_1107,Cat
cat_1108,Cat
cat_1109,Cat
cat_111,Cat
cat_1110,Cat
cat_1111,Cat
cat_1112,Cat
cat_1113,Cat
cat_1114,Cat
cat_1115,Cat
cat_1116,Cat
cat_1117,Cat
cat_1118,Cat
cat_1119,Cat
cat_112,Cat
cat_1120,Cat
cat_1121,Cat
cat_1122,Cat
cat_1123,Cat
cat_1124,Cat
cat_1125,Cat
cat_1126,Cat
cat_1127,Cat
cat_1128,Cat
cat_1129,Cat
cat_113,Cat
cat_1130,Cat
cat_1131,Cat
cat_1132,Cat
cat_1133,Cat
cat_1134,Cat
cat_1135,Cat
cat_1136,Cat
cat_1137,Cat
cat_1138,Cat
cat_1139,Cat
cat_114,Cat
cat_1140,Cat
cat_1141,Cat
cat_1142,Cat
cat_1143,Cat
cat_1144,Cat
cat_1145,Cat
cat_1146,Cat
cat_1147,Cat
cat_1148,Cat
cat_1149,Cat
cat_115,Cat
cat_1150,Cat
cat_1151,Cat
cat_1152,Cat
cat_1153,Cat
cat_1154,Cat
cat_1155,Cat
cat_1156,Cat
cat_1157,Cat
cat_1158,Cat
cat_1159,Cat
cat_116,Cat
cat_1160,Cat
cat_1161,Cat
cat_1162,Cat
cat_1163,Cat
cat_1164,Cat
cat_1165,Cat
cat_1166,Cat
cat_1167,Cat
cat_1168,Cat
cat_1169,Cat
cat_117,Cat
cat_1170,Cat
cat_1171,Cat
cat_1172,Cat
cat_1173,Cat
cat_1174,Cat
cat_1175,Cat
cat_1176,Cat
cat_1177,Cat
cat_1178,Cat
cat_1179,Cat
cat_118,Cat
cat_1180,Cat
cat_1181,Cat
cat_1182,Cat
cat_1183,Cat
cat_1184,Cat
cat_1185,Cat
cat_1186,Cat
cat_1187,Cat
cat_1188,Cat
cat_1189,Cat
cat_119,Cat
cat_1190,Cat
cat_1191,Cat
cat_1192,Cat
cat_1193,Cat
cat_1194,Cat
cat_1195,Cat
cat_1196,Cat
cat_1197,Cat
cat_1198,Cat
cat_1199,Cat
cat_12,Cat
cat_120,Cat
cat_1200,Cat
cat_1201,Cat
cat_1202,Cat
cat_1203,Cat
cat_1204,Cat
cat_1205,Cat
cat_1206,Cat
cat_1207,Cat
cat_1208,Cat
cat_1209,Cat
cat_121,Cat
cat_1210,Cat
cat_1211,Cat
cat_1212,Cat
cat_1213,Cat
cat_1214,Cat
cat_1215,Cat
cat_1216,Cat
cat_1217,Cat
cat_1218,Cat
cat_1219,Cat
cat_122,Cat
cat_1220,Cat
cat_1221,Cat
cat_1222,Cat
cat_1223,Cat
cat_1224,Cat
cat_1225,Cat
cat_1226,Cat
cat_1227,Cat
cat_1228,Cat
cat_1229,Cat
cat_123,Cat
cat_1230,Cat
cat_1231,Cat
cat_1232,Cat
cat_1233,Cat
cat_1234,Cat
cat_1235,Cat
cat_1236,Cat
cat_1237,Cat
cat_1238,Cat
cat_1239,Cat
cat_124,Cat
cat_1240,Cat
cat_1241,Cat
cat_1242,Cat
cat_1243,Cat
cat_1244,Cat
cat_1245,Cat
cat_1246,Cat
cat_1247,Cat
cat_1248,Cat
cat_1249,Cat
cat_125,Cat
cat_1250,Cat
cat_1251,Cat
cat_1252,Cat
cat_1253,Cat
cat_1254,Cat
cat_1255,Cat
cat_1256,Cat
cat_1257,Cat
cat_1258,Cat
cat_1259,Cat
cat_126,Cat
cat_1260,Cat
cat_1261,Cat
cat_1262,Cat
cat_1263,Cat
cat_1264,Cat
cat_1265,Cat
cat_1266,Cat
cat_1267,Cat
cat_1268,Cat
cat_1269,Cat
cat_127,Cat
cat_1270,Cat
cat_1271,Cat
cat_1272,Cat
cat_1273,Cat
cat_1274,Cat
cat_1275,Cat
cat_1276,Cat
cat_1277,Cat
cat_1278,Cat
cat_1279,Cat
cat_128,Cat
cat_1280,Cat
cat_1281,Cat
cat_1282,Cat
cat_1283,Cat
cat_1284,Cat
cat_1285,Cat
cat_1286,Cat
cat_1287,Cat
cat_1288,Cat
cat_1289,Cat
cat_129,Cat
cat_1290,Cat
cat_1291,Cat
cat_1292,Cat
cat_1293,Cat
cat_1294,Cat
cat_1295,Cat
cat_1296,Cat
cat_1297,Cat
cat_1298,Cat
cat_1299,Cat
cat_13,Cat
cat_130,Cat
cat_1300,Cat
cat_1301,Cat
cat_1302,Cat
cat_1303,Cat
cat_1304,Cat
cat_1305,Cat
cat_1306,Cat
cat_1307,Cat
cat_1308,Cat
cat_1309,Cat
cat_131,Cat
cat_1310,Cat
cat_1311,Cat
cat_1312,Cat
cat_1313,Cat
cat_1314,Cat
cat_1315,Cat
cat_1316,Cat
cat_1317,Cat
cat_1318,Cat
cat_1319,Cat
cat_132,Cat
cat_1320,Cat
cat_1321,Cat
cat_1322,Cat
cat_1323,Cat
cat_1324,Cat
cat_1325,Cat
cat_1326,Cat
cat_1327,Cat
cat_1328,Cat
cat_1329,Cat
cat_133,Cat
cat_1330,Cat
cat_1331,Cat
cat_1332,Cat
cat_1333,Cat
cat_1334,Cat
cat_1335,Cat
cat_1336,Cat
cat_1337,Cat
cat_1338,Cat
cat_1339,Cat
cat_134,Cat
cat_1340,Cat
cat_1341,Cat
cat_1342,Cat
cat_1343,Cat
cat_1344,Cat
cat_1345,Cat
cat_1346,Cat
cat_1347,Cat
cat_1348,Cat
cat_1349,Cat
cat_135,Cat
cat_1350,Cat
cat_1351,Cat
cat_1352,Cat
cat_1353,Cat
cat_1354,Cat
cat_1355,Cat
cat_1356,Cat
cat_1357,Cat
cat_1358,Cat
cat_1359,Cat
cat_136,Cat
cat_1360,Cat
cat_1361,Cat
cat_1362,Cat
cat_1363,Cat
cat_1364,Cat
cat_1365,Cat
cat_1366,Cat
cat_1367,Cat
cat_1368,Cat
cat_1369,Cat
cat_137,Cat
cat_1370,Cat
cat_1371,Cat
cat_1372,Cat
cat_1373,Cat
cat_1374,Cat
cat_1375,Cat
cat_1376,Cat
cat_1377,Cat
cat_1378,Cat
cat_1379,Cat
cat_138,Cat
cat_1380,Cat
cat_1381,Cat
cat_1382,Cat
cat_1383,Cat
cat_1384,Cat
cat_1385,Cat
cat_1386,Cat
cat_1387,Cat
cat_1388,Cat
cat_1389,Cat
cat_139,Cat
cat_1390,Cat
cat_1391,Cat
cat_1392,Cat
cat_1393,Cat
cat_1394,Cat
cat_1395,Cat
cat_1396,Cat
cat_1397,Cat
cat_1398,Cat
cat_1399,Cat
cat_14,Cat
cat_140,Cat
cat_1400,Cat
cat_1401,Cat
cat_1402,Cat
cat_1403,Cat
cat_1404,Cat
cat_1405,Cat
cat_1406,Cat
cat_1407,Cat
cat_1408,Cat
cat_1409,Cat
cat_141,Cat
cat_1410,Cat
cat_1411,Cat
cat_1412,Cat
cat_1413,Cat
cat_1414,Cat
cat_1415,Cat
cat_1416,Cat
cat_1417,Cat
cat_1418,Cat
cat_1419,Cat
cat_142,Cat
cat_1420,Cat
cat_1421,Cat
cat_1422,Cat
cat_1423,Cat
cat_1424,Cat
cat_1425,Cat
cat_1426,Cat
cat_1427,Cat
cat_1428,Cat
cat_1429,Cat
cat_143,Cat
cat_1430,Cat
cat_1431,Cat
cat_1432,Cat
cat_1433,Cat
cat_1434,Cat
cat_1435,Cat
cat_1436,Cat
cat_1437,Cat
cat_1438,Cat
cat_1439,Cat
cat_144,Cat
cat_1440,Cat
cat_1441,Cat
cat_1442,Cat
cat_1443,Cat
cat_1444,Cat
cat_1445,Cat
cat_1446,Cat
cat_1447,Cat
cat_1448,Cat
cat_1449,Cat
cat_145,Cat
cat_1450,Cat
cat_1451,Cat
cat_1452,Cat
cat_1453,Cat
cat_1454,Cat
cat_1455,Cat
cat_1456,Cat
cat_1457,Cat
cat_1458,Cat
cat_1459,Cat
cat_146,Cat
cat_1460,Cat
cat_1461,Cat
cat_1462,Cat
cat_1463,Cat
cat_1464,Cat
cat_1465,Cat
cat_1466,Cat
cat_1467,Cat
cat_1468,Cat
cat_1469,Cat
cat_147,Cat
cat_1470,Cat
cat_1471,Cat
cat_1472,Cat
cat_1473,Cat
cat_1474,Cat
cat_1475,Cat
cat_1476,Cat
cat_1477,Cat
cat_1478,Cat
cat_1479,Cat
cat_148,Cat
cat_1480,Cat
cat_1481,Cat
cat_1482,Cat
cat_1483,Cat
cat_1484,Cat
cat_1485,Cat
cat_1486,Cat
cat_1487,Cat
cat_1488,Cat
cat_1489,Cat
cat_149,Cat
cat_1490,Cat
cat_1491,Cat
cat_1492,Cat
cat_1493,Cat
cat_1494,Cat
cat_1495,Cat
cat_1496,Cat
cat_1497,Cat
cat_1498,Cat
cat_1499,Cat
cat_15,Cat
cat_150,Cat
cat_1500,Cat
cat_1501,Cat
cat_1502,Cat
cat_1503,Cat
cat_1504,Cat
cat_1505,Cat
cat_1506,Cat
cat_1507,Cat
cat_1508,Cat
cat_1509,Cat
cat_151,Cat
cat_1510,Cat
cat_1511,Cat
cat_1512,Cat
cat_1513,Cat
cat_1514,Cat
cat_1515,Cat
cat_1516,Cat
cat_1517,Cat
cat_1518,Cat
cat_1519,Cat
cat_152,Cat
cat_1520,Cat
cat_1521,Cat
cat_1522,Cat
cat_1523,Cat
cat_1524,Cat
cat_1525,Cat
cat_1526,Cat
cat_1527,Cat
cat_1528,Cat
cat_1529,Cat
cat_153,Cat
cat_1530,Cat
cat_1531,Cat
cat_1532,Cat
cat_1533,Cat
cat_1534,Cat
cat_1535,Cat
cat_1536,Cat
cat_1537,Cat
cat_1538,Cat
cat_1539,Cat
cat_154,Cat
cat_1540,Cat
cat_1541,Cat
cat_1542,Cat
cat_1543,Cat
cat_1544,Cat
cat_1545,Cat
cat_1546,Cat
cat_1547,Cat
cat_1548,Cat
cat_1549,Cat
cat_155,Cat
cat_1550,Cat
cat_1551,Cat
cat_1552,Cat
cat_1553,Cat
cat_1554,Cat
cat_1555,Cat
cat_1556,Cat
cat_1557,Cat
cat_1558,Cat
cat_1559,Cat
cat_156,Cat
cat_1560,Cat
cat_1561,Cat
cat_1562,Cat
cat_1563,Cat
cat_1564,Cat
cat_1565,Cat
cat_1566,Cat
cat_1567,Cat
cat_1568,Cat
cat_1569,Cat
cat_157,Cat
cat_1570,Cat
cat_1571,Cat
cat_1572,Cat
cat_1573,Cat
cat_1574,Cat
cat_1575,Cat
cat_1576,Cat
cat_1577,Cat
cat_1578,Cat
cat_1579,Cat
cat_158,Cat
cat_1580,Cat
cat_1581,Cat
cat_1582,Cat
cat_1583,Cat
cat_1584,Cat
cat_1585,Cat
cat_1586,Cat
cat_1587,Cat
cat_1588,Cat
cat_1589,Cat
cat_159,Cat
cat_1590,Cat
cat_1591,Cat
cat_1592,Cat
cat_1593,Cat
cat_1594,Cat
cat_1595,Cat
cat_1596,Cat
cat_1597,Cat
cat_1598,Cat
cat_1599,Cat
cat_16,Cat
cat_160,Cat
cat_1600,Cat
cat_1601,Cat
cat_1602,Cat
cat_1603,Cat
cat_1604,Cat
cat_1605,Cat
cat_1606,Cat
cat_1607,Cat
cat_1608,Cat
cat_1609,Cat
cat_161,Cat
cat_1610,Cat
cat_1611,Cat
cat_1612,Cat
cat_1613,Cat
cat_1614,Cat
cat_1615,Cat
cat_1616,Cat
cat_1617,Cat
cat_1618,Cat
cat_1619,Cat
cat_162,Cat
cat_1620,Cat
cat_1621,Cat
cat_1622,Cat
cat_1623,Cat
cat_1624,Cat
cat_1625,Cat
cat_1626,Cat
cat_1627,Cat
cat_1628,Cat
cat_1629,Cat
cat_163,Cat
cat_1630,Cat
cat_1631,Cat
cat_1632,Cat
cat_1633,Cat
cat_1634,Cat
cat_1635,Cat
cat_1636,Cat
cat_1637,Cat
cat_1638,Cat
cat_1639,Cat
cat_164,Cat
cat_1640,Cat
cat_1641,Cat
cat_1642,Cat
cat_1643,Cat
cat_1644,Cat
cat_1645,Cat
cat_1646,Cat
cat_1647,Cat
cat_1648,Cat
cat_1649,Cat
cat_165,Cat
cat_1650,Cat
cat_1651,Cat
cat_1652,Cat
cat_1653,Cat
cat_1654,Cat
cat_1655,Cat
cat_1656,Cat
cat_1657,Cat
cat_1658,Cat
cat_1659,Cat
cat_166,Cat
cat_1660,Cat
cat_1661,Cat
cat_1662,Cat
cat_1663,Cat
cat_1664,Cat
cat_1665,Cat
cat_1666,Cat
cat_1667,Cat
cat_1668,Cat
cat_1669,Cat
cat_167,Cat
cat_1670,Cat
cat_1671,Cat
cat_1672,Cat
cat_1673,Cat
cat_1674,Cat
cat_1675,Cat
cat_1676,Cat
cat_1677,Cat
cat_1678,Cat
cat_1679,Cat
cat_168,Cat
cat_1680,Cat
cat_1681,Cat
cat_1682,Cat
cat_1683,Cat
cat_1684,Cat
cat_1685,Cat
cat_1686,Cat
cat_1687,Cat
cat_1688,Cat
cat_1689,Cat
cat_169,Cat
cat_1690,Cat
cat_1691,Cat
cat_1692,Cat
cat_1693,Cat
cat_1694,Cat
cat_1695,Cat
cat_1696,Cat
cat_1697,Cat
cat_1698,Cat
cat_1699,Cat
cat_17,Cat
cat_170,Cat
cat_1700,Cat
cat_1701,Cat
cat_1702,Cat
cat_1703,Cat
cat_1704,Cat
cat_1705,Cat
cat_1706,Cat
cat_1707,Cat
cat_1708,Cat
cat_1709,Cat
cat_171,Cat
cat_1710,Cat
cat_1711,Cat
cat_1712,Cat
cat_1713,Cat
cat_1714,Cat
cat_1715,Cat
cat_1716,Cat
cat_1717,Cat
cat_1718,Cat
cat_1719,Cat
cat_172,Cat
cat_1720,Cat
cat_1721,Cat
cat_1722,Cat
cat_1723,Cat
cat_1724,Cat
cat_1725,Cat
cat_1726,Cat
cat_1727,Cat
cat_1728,Cat
cat_1729,Cat
cat_173,Cat
cat_1730,Cat
cat_1731,Cat
cat_1732,Cat
cat_1733,Cat
cat_1734,Cat
cat_1735,Cat
cat_1736,Cat
cat_1737,Cat
cat_1738,Cat
cat_1739,Cat
cat_174,Cat
cat_1740,Cat
cat_1741,Cat
cat_1742,Cat
cat_1743,Cat
cat_1744,Cat
cat_1745,Cat
cat_1746,Cat
cat_1747,Cat
cat_1748,Cat
cat_1749,Cat
cat_175,Cat
cat_1750,Cat
cat_1751,Cat
cat_1752,Cat
cat_1753,Cat
cat_1754,Cat
cat_1755,Cat
cat_1756,Cat
cat_1757,Cat
cat_1758,Cat
cat_1759,Cat
cat_176,Cat
cat_1760,Cat
cat_1761,Cat
cat_1762,Cat
cat_1763,Cat
cat_1764,Cat
cat_1765,Cat
cat_1766,Cat
cat_1767,Cat
cat_1768,Cat
cat_1769,Cat
cat_177,Cat
cat_1770,Cat
cat_1771,Cat
cat_1772,Cat
cat_1773,Cat
cat_1774,Cat
cat_1775,Cat
cat_1776,Cat
cat_1777,Cat
cat_1778,Cat
cat_1779,Cat
cat_178,Cat
cat_1780,Cat
cat_1781,Cat
cat_1782,Cat
cat_1783,Cat
cat_1784,Cat
cat_1785,Cat
cat_1786,Cat
cat_1787,Cat
cat_1788,Cat
cat_1789,Cat
cat_179,Cat
cat_1790,Cat
cat_1791,Cat
cat_1792,Cat
cat_1793,Cat
cat_1794,Cat
cat_1795,Cat
cat_1796,Cat
cat_1797,Cat
cat_1798,Cat
cat_1799,Cat
cat_18,Cat
cat_180,Cat
cat_1800,Cat
cat_1801,Cat
cat_1802,Cat
cat_1803,Cat
cat_1804,Cat
cat_1805,Cat
cat_1806,Cat
cat_1807,Cat
cat_1808,Cat
cat_1809,Cat
cat_181,Cat
cat_1810,Cat
cat_1811,Cat
cat_1812,Cat
cat_1813,Cat
cat_1814,Cat
cat_1815,Cat
cat_1816,Cat
cat_1817,Cat
cat_1818,Cat
cat_1819,Cat
cat_182,Cat
cat_1820,Cat
cat_1821,Cat
cat_1822,Cat
cat_1823,Cat
cat_1824,Cat
cat_1825,Cat
cat_1826,Cat
cat_1827,Cat
cat_1828,Cat
cat_1829,Cat
cat_183,Cat
cat_1830,Cat
cat_1831,Cat
cat_1832,Cat
cat_1833,Cat
cat_1834,Cat
cat_1835,Cat
cat_1836,Cat
cat_1837,Cat
cat_1838,Cat
cat_1839,Cat
cat_184,Cat
cat_1840,Cat
cat_1841,Cat
cat_1842,Cat
cat_1843,Cat
cat_1844,Cat
cat_1845,Cat
cat_1846,Cat
cat_1847,Cat
cat_1848,Cat
cat_1849,Cat
cat_185,Cat
cat_1850,Cat
cat_1851,Cat
cat_1852,Cat
cat_1853,Cat
cat_1854,Cat
cat_1855,Cat
cat_1856,Cat
cat_1857,Cat
cat_1858,Cat
cat_1859,Cat
cat_186,Cat
cat_1860,Cat
cat_1861,Cat
cat_1862,Cat
cat_1863,Cat
cat_1864,Cat
cat_1865,Cat
cat_1866,Cat
cat_1867,Cat
cat_1868,Cat
cat_1869,Cat
cat_187,Cat
cat_1870,Cat
cat_1871,Cat
cat_1872,Cat
cat_1873,Cat
cat_1874,Cat
cat_1875,Cat
cat_1876,Cat
cat_1877,Cat
cat_1878,Cat
cat_1879,Cat
cat_188,Cat
cat_1880,Cat
cat_1881,Cat
cat_1882,Cat
cat_1883,Cat
cat_1884,Cat
cat_1885,Cat
cat_1886,Cat
cat_1887,Cat
cat_1888,Cat
cat_1889,Cat
cat_189,Cat
cat_1890,Cat
cat_1891,Cat
cat_1892,Cat
cat_1893,Cat
cat_1894,Cat
cat_1895,Cat
cat_1896,Cat
cat_1897,Cat
cat_1898,Cat
cat_1899,Cat
cat_19,Cat
cat_190,Cat
cat_1900,Cat
cat_1901,Cat
cat_1902,Cat
cat_1903,Cat
cat_1904,Cat
cat_1905,Cat
cat_1906,Cat
cat_1907,Cat
cat_1908,Cat
cat_1909,Cat
cat_191,Cat
cat_1910,Cat
cat_1911,Cat
cat_1912,Cat
cat_1913,Cat
cat_1914,Cat
cat_1915,Cat
cat_1916,Cat
cat_1917,Cat
cat_1918,Cat
cat_1919,Cat
cat_192,Cat
cat_1920,Cat
cat_1921,Cat
cat_1922,Cat
cat_1923,Cat
cat_1924,Cat
cat_1925,Cat
cat_1926,Cat
cat_1927,Cat
cat_1928,Cat
cat_1929,Cat
cat_193,Cat
cat_1930,Cat
cat_1931,Cat
cat_1932,Cat
cat_1933,Cat
cat_1934,Cat
cat_1935,Cat
cat_1936,Cat
cat_1937,Cat
cat_1938,Cat
cat_1939,Cat
cat_194,Cat
cat_1940,Cat
cat_1941,Cat
cat_1942,Cat
cat_1943,Cat
cat_1944,Cat
cat_1945,Cat
cat_1946,Cat
cat_1947,Cat
cat_1948,Cat
cat_1949,Cat
cat_195,Cat
cat_1950,Cat
cat_1951,Cat
cat_1952,Cat
cat_1953,Cat
cat_1954,Cat
cat_1955,Cat
cat_1956,Cat
cat_1957,Cat
cat_1958,Cat
cat_1959,Cat
cat_196,Cat
cat_1960,Cat
cat_1961,Cat
cat_1962,Cat
cat_1963,Cat
cat_1964,Cat
cat_1965,Cat
cat_1966,Cat
cat_1967,Cat
cat_1968,Cat
cat_1969,Cat
cat_197,Cat
cat_1970,Cat
cat_1971,Cat
cat_1972,Cat
cat_1973,Cat
cat_1974,Cat
cat_1975,Cat
cat_1976,Cat
cat_1977,Cat
cat_1978,Cat
cat_1979,Cat
cat_198,Cat
cat_1980,Cat
cat_1981,Cat
cat_1982,Cat
cat_1983,Cat
cat_1984,Cat
cat_1985,Cat
cat_1986,Cat
cat_1987,Cat
cat_1988,Cat
cat_1989,Cat
cat_199,Cat
cat_1990,Cat
cat_1991,Cat
cat_1992,Cat
cat_1993,Cat
cat_1994,Cat
cat_1995,Cat
cat_1996,Cat
cat_1997,Cat
cat_1998,Cat
cat_1999,Cat
cat_2,Cat
cat_20,Cat
cat_200,Cat
cat_2000,Cat
cat_2001,Cat
cat_2002,Cat
cat_2003,Cat
cat_2004,Cat
cat_2005,Cat
cat_2006,Cat
cat_2007,Cat
cat_2008,Cat
cat_2009,Cat
cat_201,Cat
cat_2010,Cat
cat_2011,Cat
cat_2012,Cat
cat_2013,Cat
cat_2014,Cat
cat_2015,Cat
cat_2016,Cat
cat_2017,Cat
cat_2018,Cat
cat_2019,Cat
cat_202,Cat
cat_2020,Cat
cat_2021,Cat
cat_2022,Cat
cat_2023,Cat
cat_2024,Cat
cat_2025,Cat
cat_2026,Cat
cat_2027,Cat
cat_2028,Cat
cat_2029,Cat
cat_203,Cat
cat_2030,Cat
cat_2031,Cat
cat_2032,Cat
cat_2033,Cat
cat_2034,Cat
cat_204,Cat
cat_205,Cat
cat_206,Cat
cat_207,Cat
cat_208,Cat
cat_209,Cat
cat_21,Cat
cat_210,Cat
cat_211,Cat
cat_212,Cat
cat_213,Cat
cat_214,Cat
cat_215,Cat
cat_216,Cat
cat_217,Cat
cat_218,Cat
cat_219,Cat
cat_22,Cat
cat_220,Cat
cat_221,Cat
cat_222,Cat
cat_223,Cat
cat_224,Cat
cat_225,Cat
cat_226,Cat
cat_227,Cat
cat_228,Cat
cat_229,Cat
cat_23,Cat
cat_230,Cat
cat_231,Cat
cat_232,Cat
cat_233,Cat
cat_234,Cat
cat_235,Cat
cat_236,Cat
cat_237,Cat
cat_238,Cat
cat_239,Cat
cat_24,Cat
cat_240,Cat
cat_241,Cat
cat_242,Cat
cat_243,Cat
cat_244,Cat
cat_245,Cat
cat_246,Cat
cat_247,Cat
cat_248,Cat
cat_249,Cat
cat_25,Cat
cat_250,Cat
cat_251,Cat
cat_252,Cat
cat_253,Cat
cat_254,Cat
cat_255,Cat
cat_256,Cat
cat_257,Cat
cat_258,Cat
cat_259,Cat
cat_26,Cat
cat_260,Cat
cat_261,Cat
cat_262,Cat
cat_263,Cat
cat_264,Cat
cat_265,Cat
cat_266,Cat
cat_267,Cat
cat_268,Cat
cat_269,Cat
cat_27,Cat
cat_270,Cat
cat_271,Cat
cat_272,Cat
cat_273,Cat
cat_274,Cat
cat_275,Cat
cat_276,Cat
cat_277,Cat
cat_278,Cat
cat_279,Cat
cat_28,Cat
cat_280,Cat
cat_281,Cat
cat_282,Cat
cat_283,Cat
cat_284,Cat
cat_285,Cat
cat_286,Cat
cat_287,Cat
cat_288,Cat
cat_289,Cat
cat_29,Cat
cat_290,Cat
cat_291,Cat
cat_292,Cat
cat_293,Cat
cat_294,Cat
cat_295,Cat
cat_296,Cat
cat_297,Cat
cat_298,Cat
cat_299,Cat
cat_3,Cat
cat_30,Cat
cat_300,Cat
cat_301,Cat
cat_302,Cat
cat_303,Cat
cat_304,Cat
cat_305,Cat
cat_306,Cat
cat_307,Cat
cat_308,Cat
cat_309,Cat
cat_31,Cat
cat_310,Cat
cat_311,Cat
cat_312,Cat
cat_313,Cat
cat_314,Cat
cat_315,Cat
cat_316,Cat
cat_317,Cat
cat_318,Cat
cat_319,Cat
cat_32,Cat
cat_320,Cat
cat_321,Cat
cat_322,Cat
cat_323,Cat
cat_324,Cat
cat_325,Cat
cat_326,Cat
cat_327,Cat
cat_328,Cat
cat_329,Cat
cat_33,Cat
cat_330,Cat
cat_331,Cat
cat_332,Cat
cat_333,Cat
cat_334,Cat
cat_335,Cat
cat_336,Cat
cat_337,Cat
cat_338,Cat
cat_339,Cat
cat_34,Cat
cat_340,Cat
cat_341,Cat
cat_342,Cat
cat_343,Cat
cat_344,Cat
cat_345,Cat
cat_346,Cat
cat_347,Cat
cat_348,Cat
cat_349,Cat
cat_35,Cat
cat_350,Cat
cat_351,Cat
cat_352,Cat
cat_353,Cat
cat_354,Cat
cat_355,Cat
cat_356,Cat
cat_357,Cat
cat_358,Cat
cat_359,Cat
cat_36,Cat
cat_360,Cat
cat_361,Cat
cat_362,Cat
cat_363,Cat
cat_364,Cat
cat_365,Cat
cat_366,Cat
cat_367,Cat
cat_368,Cat
cat_369,Cat
cat_37,Cat
cat_370,Cat
cat_371,Cat
cat_372,Cat
cat_373,Cat
cat_374,Cat
cat_375,Cat
cat_376,Cat
cat_377,Cat
cat_378,Cat
cat_379,Cat
cat_38,Cat
cat_380,Cat
cat_381,Cat
cat_382,Cat
cat_383,Cat
cat_384,Cat
cat_385,Cat
cat_386,Cat
cat_387,Cat
cat_388,Cat
cat_389,Cat
cat_39,Cat
cat_390,Cat
cat_391,Cat
cat_392,Cat
cat_393,Cat
cat_394,Cat
cat_395,Cat
cat_396,Cat
cat_397,Cat
cat_398,Cat
cat_399,Cat
cat_4,Cat
cat_40,Cat
cat_400,Cat
cat_401,Cat
cat_402,Cat
cat_403,Cat
cat_404,Cat
cat_405,Cat
cat_406,Cat
cat_407,Cat
cat_408,Cat
cat_409,Cat
cat_41,Cat
cat_410,Cat
cat_411,Cat
cat_412,Cat
cat_413,Cat
cat_414,Cat
cat_415,Cat
cat_416,Cat
cat_417,Cat
cat_418,Cat
cat_419,Cat
cat_42,Cat
cat_420,Cat
cat_421,Cat
cat_422,Cat
cat_423,Cat
cat_424,Cat
cat_425,Cat
cat_426,Cat
cat_427,Cat
cat_428,Cat
cat_429,Cat
cat_43,Cat
cat_430,Cat
cat_431,Cat
cat_432,Cat
cat_433,Cat
cat_434,Cat
cat_435,Cat
cat_436,Cat
cat_437,Cat
cat_438,Cat
cat_439,Cat
cat_44,Cat
cat_440,Cat
cat_441,Cat
cat_442,Cat
cat_443,Cat
cat_444,Cat
cat_445,Cat
cat_446,Cat
cat_447,Cat
cat_448,Cat
cat_449,Cat
cat_45,Cat
cat_450,Cat
cat_451,Cat
cat_452,Cat
cat_453,Cat
cat_454,Cat
cat_455,Cat
cat_456,Cat
cat_457,Cat
cat_458,Cat
cat_459,Cat
cat_46,Cat
cat_460,Cat
cat_461,Cat
cat_462,Cat
cat_463,Cat
cat_464,Cat
cat_465,Cat
cat_466,Cat
cat_467,Cat
cat_468,Cat
cat_469,Cat
cat_47,Cat
cat_470,Cat
cat_471,Cat
cat_472,Cat
cat_473,Cat
cat_474,Cat
cat_475,Cat
cat_476,Cat
cat_477,Cat
cat_478,Cat
cat_479,Cat
cat_48,Cat
cat_480,Cat
cat_481,Cat
cat_482,Cat
cat_483,Cat
cat_484,Cat
cat_485,Cat
cat_486,Cat
cat_487,Cat
cat_488,Cat
cat_489,Cat
cat_49,Cat
cat_490,Cat
cat_491,Cat
cat_492,Cat
cat_493,Cat
cat_494,Cat
cat_495,Cat
cat_496,Cat
cat_497,Cat
cat_498,Cat
cat_499,Cat
cat_5,Cat
cat_50,Cat
cat_500,Cat
cat_501,Cat
cat_502,Cat
cat_503,Cat
cat_504,Cat
cat_505,Cat
cat_506,Cat
cat_507,Cat
cat_508,Cat
cat_509,Cat
cat_51,Cat
cat_510,Cat
cat_511,Cat
cat_512,Cat
cat_513,Cat
cat_514,Cat
cat_515,Cat
cat_516,Cat
cat_517,Cat
cat_518,Cat
cat_519,Cat
cat_52,Cat
cat_520,Cat
cat_521,Cat
cat_522,Cat
cat_523,Cat
cat_524,Cat
cat_525,Cat
cat_526,Cat
cat_527,Cat
cat_528,Cat
cat_529,Cat
cat_53,Cat
cat_530,Cat
cat_531,Cat
cat_532,Cat
cat_533,Cat
cat_534,Cat
cat_535,Cat
cat_536,Cat
cat_537,Cat
cat_538,Cat
cat_539,Cat
cat_54,Cat
cat_540,Cat
cat_541,Cat
cat_542,Cat
cat_543,Cat
cat_544,Cat
cat_545,Cat
cat_546,Cat
cat_547,Cat
cat_548,Cat
cat_549,Cat
cat_55,Cat
cat_550,Cat
cat_551,Cat
cat_552,Cat
cat_553,Cat
cat_554,Cat
cat_555,Cat
cat_556,Cat
cat_557,Cat
cat_558,Cat
cat_559,Cat
cat_56,Cat
cat_560,Cat
cat_561,Cat
cat_562,Cat
cat_563,Cat
cat_564,Cat
cat_565,Cat
cat_566,Cat
cat_567,Cat
cat_568,Cat
cat_569,Cat
cat_57,Cat
cat_570,Cat
cat_571,Cat
cat_572,Cat
cat_573,Cat
cat_574,Cat
cat_575,Cat
cat_576,Cat
cat_577,Cat
cat_578,Cat
cat_579,Cat
cat_58,Cat
cat_580,Cat
cat_581,Cat
cat_582,Cat
cat_583,Cat
cat_584,Cat
cat_585,Cat
cat_586,Cat
cat_587,Cat
cat_588,Cat
cat_589,Cat
cat_59,Cat
cat_590,Cat
cat_591,Cat
cat_592,Cat
cat_593,Cat
cat_594,Cat
cat_595,Cat
cat_596,Cat
cat_597,Cat
cat_598,Cat
cat_599,Cat
cat_6,Cat
cat_60,Cat
cat_600,Cat
cat_601,Cat
cat_602,Cat
cat_603,Cat
cat_604,Cat
cat_605,Cat
cat_606,Cat
cat_607,Cat
cat_608,Cat
cat_609,Cat
cat_61,Cat
cat_610,Cat
cat_611,Cat
cat_612,Cat
cat_613,Cat
cat_614,Cat
cat_615,Cat
cat_616,Cat
cat_617,Cat
cat_618,Cat
cat_619,Cat
cat_62,Cat
cat_620,Cat
cat_621,Cat
cat_622,Cat
cat_623,Cat
cat_624,Cat
cat_625,Cat
cat_626,Cat
cat_627,Cat
cat_628,Cat
cat_629,Cat
cat_63,Cat
cat_630,Cat
cat_631,Cat
cat_632,Cat
cat_633,Cat
cat_634,Cat
cat_635,Cat
cat_636,Cat
cat_637,Cat
cat_638,Cat
cat_639,Cat
cat_64,Cat
cat_640,Cat
cat_641,Cat
cat_642,Cat
cat_643,Cat
cat_644,Cat
cat_645,Cat
cat_646,Cat
cat_647,Cat
cat_648,Cat
cat_649,Cat
cat_65,Cat
cat_650,Cat
cat_651,Cat
cat_652,Cat
cat_653,Cat
cat_654,Cat
cat_655,Cat
cat_656,Cat
cat_657,Cat
cat_658,Cat
cat_659,Cat
cat_66,Cat
cat_660,Cat
cat_661,Cat
cat_662,Cat
cat_663,Cat
cat_664,Cat
cat_665,Cat
cat_666,Cat
cat_667,Cat
cat_668,Cat
cat_669,Cat
cat_67,Cat
cat_670,Cat
cat_671,Cat
cat_672,Cat
cat_673,Cat
cat_674,Cat
cat_675,Cat
cat_676,Cat
cat_677,Cat
cat_678,Cat
cat_679,Cat
cat_68,Cat
cat_680,Cat
cat_681,Cat
cat_682,Cat
cat_683,Cat
cat_684,Cat
cat_685,Cat
cat_686,Cat
cat_687,Cat
cat_688,Cat
cat_689,Cat
cat_69,Cat
cat_690,Cat
cat_691,Cat
cat_692,Cat
cat_693,Cat
cat_694,Cat
cat_695,Cat
cat_696,Cat
cat_697,Cat
cat_698,Cat
cat_699,Cat
cat_7,Cat
cat_70,Cat
cat_700,Cat
cat_701,Cat
cat_702,Cat
cat_703,Cat
cat_704,Cat
cat_705,Cat
cat_706,Cat
cat_707,Cat
cat_708,Cat
cat_709,Cat
cat_71,Cat
cat_710,Cat
cat_711,Cat
cat_712,Cat
cat_713,Cat
cat_714,Cat
cat_715,Cat
cat_716,Cat
cat_717,Cat
cat_718,Cat
cat_719,Cat
cat_72,Cat
cat_720,Cat
cat_721,Cat
cat_722,Cat
cat_723,Cat
cat_724,Cat
cat_725,Cat
cat_726,Cat
cat_727,Cat
cat_728,Cat
cat_729,Cat
cat_73,Cat
cat_730,Cat
cat_731,Cat
cat_732,Cat
cat_733,Cat
cat_734,Cat
cat_735,Cat
cat_736,Cat
cat_737,Cat
cat_738,Cat
cat_739,Cat
cat_74,Cat
cat_740,Cat
cat_741,Cat
cat_742,Cat
cat_743,Cat
cat_744,Cat
cat_745,Cat
cat_746,Cat
cat_747,Cat
cat_748,Cat
cat_749,Cat
cat_75,Cat
cat_750,Cat
cat_751,Cat
cat_752,Cat
cat_753,Cat
cat_754,Cat
cat_755,Cat
cat_756,Cat
cat_757,Cat
cat_758,Cat
cat_759,Cat
cat_76,Cat
cat_760,Cat
cat_761,Cat
cat_762,Cat
cat_763,Cat
cat_764,Cat
cat_765,Cat
cat_766,Cat
cat_767,Cat
cat_768,Cat
cat_769,Cat
cat_77,Cat
cat_770,Cat
cat_771,Cat
cat_772,Cat
cat_773,Cat
cat_774,Cat
cat_775,Cat
cat_776,Cat
cat_777,Cat
cat_778,Cat
cat_779,Cat
cat_78,Cat
cat_780,Cat
cat_781,Cat
cat_782,Cat
cat_783,Cat
cat_784,Cat
cat_785,Cat
cat_786,Cat
cat_787,Cat
cat_788,Cat
cat_789,Cat
cat_79,Cat
cat_790,Cat
cat_791,Cat
cat_792,Cat
cat_793,Cat
cat_794,Cat
cat_795,Cat
cat_796,Cat
cat_797,Cat
cat_798,Cat
cat_799,Cat
cat_8,Cat
cat_80,Cat
cat_800,Cat
cat_801,Cat
cat_802,Cat
cat_803,Cat
cat_804,Cat
cat_805,Cat
cat_806,Cat
cat_807,Cat
cat_808,Cat
cat_809,Cat
cat_81,Cat
cat_810,Cat
cat_811,Cat
cat_812,Cat
cat_813,Cat
cat_814,Cat
cat_815,Cat
cat_816,Cat
cat_817,Cat
cat_818,Cat
cat_819,Cat
cat_82,Cat
cat_820,Cat
cat_821,Cat
cat_822,Cat
cat_823,Cat
cat_824,Cat
cat_825,Cat
cat_826,Cat
cat_827,Cat
cat_828,Cat
cat_829,Cat
cat_83,Cat
cat_830,Cat
cat_831,Cat
cat_832,Cat
cat_833,Cat
cat_834,Cat
cat_835,Cat
cat_836,Cat
cat_837,Cat
cat_838,Cat
cat_839,Cat
cat_84,Cat
cat_840,Cat
cat_841,Cat
cat_842,Cat
cat_843,Cat
cat_844,Cat
cat_845,Cat
cat_846,Cat
cat_847,Cat
cat_848,Cat
cat_849,Cat
cat_85,Cat
cat_850,Cat
cat_851,Cat
cat_852,Cat
cat_853,Cat
cat_854,Cat
cat_855,Cat
cat_856,Cat
cat_857,Cat
cat_858,Cat
cat_859,Cat
cat_86,Cat
cat_860,Cat
cat_861,Cat
cat_862,Cat
cat_863,Cat
cat_864,Cat
cat_865,Cat
cat_866,Cat
cat_867,Cat
cat_868,Cat
cat_869,Cat
cat_87,Cat
cat_870,Cat
cat_871,Cat
cat_872,Cat
cat_873,Cat
cat_874,Cat
cat_875,Cat
cat_876,Cat
cat_877,Cat
cat_878,Cat
cat_879,Cat
cat_88,Cat
cat_880,Cat
cat_881,Cat
cat_882,Cat
cat_883,Cat
cat_884,Cat
cat_885,Cat
cat_886,Cat
cat_887,Cat
cat_888,Cat
cat_889,Cat
cat_89,Cat
cat_890,Cat
cat_891,Cat
cat_892,Cat
cat_893,Cat
cat_894,Cat
cat_895,Cat
cat_896,Cat
cat_897,Cat
cat_898,Cat
cat_899,Cat
cat_9,Cat
cat_90,Cat
cat_900,Cat
cat_901,Cat
cat_902,Cat
cat_903,Cat
cat_904,Cat
cat_905,Cat
cat_906,Cat
cat_907,Cat
cat_908,Cat
cat_909,Cat
cat_91,Cat
cat_910,Cat
cat_911,Cat
cat_912,Cat
cat_913,Cat
cat_914,Cat
cat_915,Cat
cat_916,Cat
cat_917,Cat
cat_918,Cat
cat_919,Cat
cat_92,Cat
cat_920,Cat
cat_921,Cat
cat_922,Cat
cat_923,Cat
cat_924,Cat
cat_925,Cat
cat_926,Cat
cat_927,Cat
cat_928,Cat
cat_929,Cat
cat_93,Cat
cat_930,Cat
cat_931,Cat
cat_932,Cat
cat_933,Cat
cat_934,Cat
cat_935,Cat
cat_936,Cat
cat_937,Cat
cat_938,Cat
cat_939,Cat
cat_94,Cat
cat_940,Cat
cat_941,Cat
cat_942,Cat
cat_943,Cat
cat_944,Cat
cat_945,Cat
cat_946,Cat
cat_947,Cat
cat_948,Cat
cat_949,Cat
cat_95,Cat
cat_950,Cat
cat_951,Cat
cat_952,Cat
cat_953,Cat
cat_954,Cat
cat_955,Cat
cat_956,Cat
cat_957,Cat
cat_958,Cat
cat_959,Cat
cat_96,Cat
cat_960,Cat
cat_961,Cat
cat_962,Cat
cat_963,Cat
cat_964,Cat
cat_965,Cat
cat_966,Cat
cat_967,Cat
cat_968,Cat
cat_969,Cat
cat_97,Cat
cat_970,Cat
cat_971,Cat
cat_972,Cat
cat_973,Cat
cat_974,Cat
cat_975,Cat
cat_976,Cat
cat_977,Cat
cat_978,Cat
cat_979,Cat
cat_98,Cat
cat_980,Cat
cat_981,Cat
cat_982,Cat
cat_983,Cat
cat_984,Cat
cat_985,Cat
cat_986,Cat
cat_987,Cat
cat_988,Cat
cat_989,Cat
cat_99,Cat
cat_990,Cat
cat_991,Cat
cat_992,Cat
cat_993,Cat
cat_994,Cat
cat_995,Cat
cat_996,Cat
cat_997,Cat
cat_998,Cat
cat_999,Cat
dog_0,Dog
dog_1,Dog
dog_10,Dog
dog_100,Dog
dog_1000,Dog
dog_1001,Dog
dog_1002,Dog
dog_1003,Dog
dog_1004,Dog
dog_1005,Dog
dog_1006,Dog
dog_1007,Dog
dog_1008,Dog
dog_1009,Dog
dog_101,Dog
dog_1010,Dog
dog_1011,Dog
dog_1012,Dog
dog_1013,Dog
dog_1014,Dog
dog_1015,Dog
dog_1016,Dog
dog_1017,Dog
dog_1018,Dog
dog_1019,Dog
dog_102,Dog
dog_1020,Dog
dog_1021,Dog
dog_1022,Dog
dog_1023,Dog
dog_1024,Dog
dog_1025,Dog
dog_1026,Dog
dog_1027,Dog
dog_1028,Dog
dog_1029,Dog
dog_103,Dog
dog_1030,Dog
dog_1031,Dog
dog_1032,Dog
dog_1033,Dog
dog_1034,Dog
dog_1035,Dog
dog_1036,Dog
dog_1037,Dog
dog_1038,Dog
dog_1039,Dog
dog_104,Dog
dog_1040,Dog
dog_1041,Dog
dog_1042,Dog
dog_1043,Dog
dog_1044,Dog
dog_1045,Dog
dog_1046,Dog
dog_1047,Dog
dog_1048,Dog
dog_1049,Dog
dog_105,Dog
dog_1050,Dog
dog_1051,Dog
dog_1052,Dog
dog_1053,Dog
dog_1054,Dog
dog_1055,Dog
dog_1056,Dog
dog_1057,Dog
dog_1058,Dog
dog_1059,Dog
dog_106,Dog
dog_1060,Dog
dog_1061,Dog
dog_1062,Dog
dog_1063,Dog
dog_1064,Dog
dog_1065,Dog
dog_1066,Dog
dog_1067,Dog
dog_1068,Dog
dog_1069,Dog
dog_107,Dog
dog_1070,Dog
dog_1071,Dog
dog_1072,Dog
dog_1073,Dog
dog_1074,Dog
dog_1075,Dog
dog_1076,Dog
dog_1077,Dog
dog_1078,Dog
dog_1079,Dog
dog_108,Dog
dog_1080,Dog
dog_1081,Dog
dog_1082,Dog
dog_1083,Dog
dog_1084,Dog
dog_1085,Dog
dog_1086,Dog
dog_1087,Dog
dog_1088,Dog
dog_1089,Dog
dog_109,Dog
dog_1090,Dog
dog_1091,Dog
dog_1092,Dog
dog_1093,Dog
dog_1094,Dog
dog_1095,Dog
dog_1096,Dog
dog_1097,Dog
dog_1098,Dog
dog_1099,Dog
dog_11,Dog
dog_110,Dog
dog_1100,Dog
dog_1101,Dog
dog_1102,Dog
dog_1103,Dog
dog_1104,Dog
dog_1105,Dog
dog_1106,Dog
dog_1107,Dog
dog_1108,Dog
dog_1109,Dog
dog_111,Dog
dog_1110,Dog
dog_1111,Dog
dog_1112,Dog
dog_1113,Dog
dog_1114,Dog
dog_1115,Dog
dog_1116,Dog
dog_1117,Dog
dog_1118,Dog
dog_1119,Dog
dog_112,Dog
dog_1120,Dog
dog_1121,Dog
dog_1122,Dog
dog_1123,Dog
dog_1124,Dog
dog_1125,Dog
dog_1126,Dog
dog_1127,Dog
dog_1128,Dog
dog_1129,Dog
dog_113,Dog
dog_1130,Dog
dog_1131,Dog
dog_1132,Dog
dog_1133,Dog
dog_1134,Dog
dog_1135,Dog
dog_1136,Dog
dog_1137,Dog
dog_1138,Dog
dog_1139,Dog
dog_114,Dog
dog_1140,Dog
dog_1141,Dog
dog_1142,Dog
dog_1143,Dog
dog_1144,Dog
dog_1145,Dog
dog_1146,Dog
dog_1147,Dog
dog_1148,Dog
dog_1149,Dog
dog_115,Dog
dog_1150,Dog
dog_1151,Dog
dog_1152,Dog
dog_1153,Dog
dog_1154,Dog
dog_1155,Dog
dog_1156,Dog
dog_1157,Dog
dog_1158,Dog
dog_1159,Dog
dog_116,Dog
dog_1160,Dog
dog_1161,Dog
dog_1162,Dog
dog_1163,Dog
dog_1164,Dog
dog_1165,Dog
dog_1166,Dog
dog_1167,Dog
dog_1168,Dog
dog_1169,Dog
dog_117,Dog
dog_1170,Dog
dog_1171,Dog
dog_1172,Dog
dog_1173,Dog
dog_1174,Dog
dog_1175,Dog
dog_1176,Dog
dog_1177,Dog
dog_1178,Dog
dog_1179,Dog
dog_118,Dog
dog_1180,Dog
dog_1181,Dog
dog_1182,Dog
dog_1183,Dog
dog_1184,Dog
dog_1185,Dog
dog_1186,Dog
dog_1187,Dog
dog_1188,Dog
dog_1189,Dog
dog_119,Dog
dog_1190,Dog
dog_1191,Dog
dog_1192,Dog
dog_1193,Dog
dog_1194,Dog
dog_1195,Dog
dog_1196,Dog
dog_1197,Dog
dog_1198,Dog
dog_1199,Dog
dog_12,Dog
dog_120,Dog
dog_1200,Dog
dog_1201,Dog
dog_1202,Dog
dog_1203,Dog
dog_1204,Dog
dog_1205,Dog
dog_1206,Dog
dog_1207,Dog
dog_1208,Dog
dog_1209,Dog
dog_121,Dog
dog_1210,Dog
dog_1211,Dog
dog_1212,Dog
dog_1213,Dog
dog_1214,Dog
dog_1215,Dog
dog_1216,Dog
dog_1217,Dog
dog_1218,Dog
dog_1219,Dog
dog_122,Dog
dog_1220,Dog
dog_1221,Dog
dog_1222,Dog
dog_1223,Dog
dog_1224,Dog
dog_1225,Dog
dog_1226,Dog
dog_1227,Dog
dog_1228,Dog
dog_1229,Dog
dog_123,Dog
dog_1230,Dog
dog_1231,Dog
dog_1232,Dog
dog_1233,Dog
dog_1234,Dog
dog_1235,Dog
dog_1236,Dog
dog_1237,Dog
dog_1238,Dog
dog_1239,Dog
dog_124,Dog
dog_1240,Dog
dog_1241,Dog
dog_1242,Dog
dog_1243,Dog
dog_1244,Dog
dog_1245,Dog
dog_1246,Dog
dog_1247,Dog
dog_1248,Dog
dog_1249,Dog
dog_125,Dog
dog_1250,Dog
dog_1251,Dog
dog_1252,Dog
dog_1253,Dog
dog_1254,Dog
dog_1255,Dog
dog_1256,Dog
dog_1257,Dog
dog_1258,Dog
dog_1259,Dog
dog_126,Dog
dog_1260,Dog
dog_1261,Dog
dog_1262,Dog
dog_1263,Dog
dog_1264,Dog
dog_1265,Dog
dog_1266,Dog
dog_1267,Dog
dog_1268,Dog
dog_1269,Dog
dog_127,Dog
dog_1270,Dog
dog_1271,Dog
dog_1272,Dog
dog_1273,Dog
dog_1274,Dog
dog_1275,Dog
dog_1276,Dog
dog_1277,Dog
dog_1278,Dog
dog_1279,Dog
dog_128,Dog
dog_1280,Dog
dog_1281,Dog
dog_1282,Dog
dog_1283,Dog
dog_1284,Dog
dog_1285,Dog
dog_1286,Dog
dog_1287,Dog
dog_1288,Dog
dog_1289,Dog
dog_129,Dog
dog_1290,Dog
dog_1291,Dog
dog_1292,Dog
dog_1293,Dog
dog_1294,Dog
dog_1295,Dog
dog_1296,Dog
dog_1297,Dog
dog_1298,Dog
dog_1299,Dog
dog_13,Dog
dog_130,Dog
dog_1300,Dog
dog_1301,Dog
dog_1302,Dog
dog_1303,Dog
dog_1304,Dog
dog_1305,Dog
dog_1306,Dog
dog_1307,Dog
dog_1308,Dog
dog_1309,Dog
dog_131,Dog
dog_1310,Dog
dog_1311,Dog
dog_1312,Dog
dog_1313,Dog
dog_1314,Dog
dog_1315,Dog
dog_1316,Dog
dog_1317,Dog
dog_1318,Dog
dog_1319,Dog
dog_132,Dog
dog_1320,Dog
dog_1321,Dog
dog_1322,Dog
dog_1323,Dog
dog_1324,Dog
dog_1325,Dog
dog_1326,Dog
dog_1327,Dog
dog_1328,Dog
dog_1329,Dog
dog_133,Dog
dog_1330,Dog
dog_1331,Dog
dog_1332,Dog
dog_1333,Dog
dog_1334,Dog
dog_1335,Dog
dog_1336,Dog
dog_1337,Dog
dog_1338,Dog
dog_1339,Dog
dog_134,Dog
dog_1340,Dog
dog_1341,Dog
dog_1342,Dog
dog_1343,Dog
dog_1344,Dog
dog_1345,Dog
dog_1346,Dog
dog_1347,Dog
dog_1348,Dog
dog_1349,Dog
dog_135,Dog
dog_1350,Dog
dog_1351,Dog
dog_1352,Dog
dog_1353,Dog
dog_1354,Dog
dog_1355,Dog
dog_1356,Dog
dog_1357,Dog
dog_1358,Dog
dog_1359,Dog
dog_136,Dog
dog_1360,Dog
dog_1361,Dog
dog_1362,Dog
dog_1363,Dog
dog_1364,Dog
dog_1365,Dog
dog_1366,Dog
dog_1367,Dog
dog_1368,Dog
dog_1369,Dog
dog_137,Dog
dog_1370,Dog
dog_1371,Dog
dog_1372,Dog
dog_1373,Dog
dog_1374,Dog
dog_1375,Dog
dog_1376,Dog
dog_1377,Dog
dog_1378,Dog
dog_1379,Dog
dog_138,Dog
dog_1380,Dog
dog_1381,Dog
dog_1382,Dog
dog_1383,Dog
dog_1384,Dog
dog_1385,Dog
dog_1386,Dog
dog_1387,Dog
dog_1388,Dog
dog_1389,Dog
dog_139,Dog
dog_1390,Dog
dog_1391,Dog
dog_1392,Dog
dog_1393,Dog
dog_1394,Dog
dog_1395,Dog
dog_1396,Dog
dog_1397,Dog
dog_1398,Dog
dog_1399,Dog
dog_14,Dog
dog_140,Dog
dog_1400,Dog
dog_1401,Dog
dog_1402,Dog
dog_1403,Dog
dog_1404,Dog
dog_1405,Dog
dog_1406,Dog
dog_1407,Dog
dog_1408,Dog
dog_1409,Dog
dog_141,Dog
dog_1410,Dog
dog_1411,Dog
dog_1412,Dog
dog_1413,Dog
dog_1414,Dog
dog_1415,Dog
dog_1416,Dog
dog_1417,Dog
dog_1418,Dog
dog_1419,Dog
dog_142,Dog
dog_1420,Dog
dog_1421,Dog
dog_1422,Dog
dog_1423,Dog
dog_1424,Dog
dog_1425,Dog
dog_1426,Dog
dog_1427,Dog
dog_1428,Dog
dog_1429,Dog
dog_143,Dog
dog_1430,Dog
dog_1431,Dog
dog_1432,Dog
dog_1433,Dog
dog_1434,Dog
dog_1435,Dog
dog_1436,Dog
dog_1437,Dog
dog_1438,Dog
dog_1439,Dog
dog_144,Dog
dog_1440,Dog
dog_1441,Dog
dog_1442,Dog
dog_1443,Dog
dog_1444,Dog
dog_1445,Dog
dog_1446,Dog
dog_1447,Dog
dog_1448,Dog
dog_1449,Dog
dog_145,Dog
dog_1450,Dog
dog_1451,Dog
dog_1452,Dog
dog_1453,Dog
dog_1454,Dog
dog_1455,Dog
dog_1456,Dog
dog_1457,Dog
dog_1458,Dog
dog_1459,Dog
dog_146,Dog
dog_1460,Dog
dog_1461,Dog
dog_1462,Dog
dog_1463,Dog
dog_1464,Dog
dog_1465,Dog
dog_1466,Dog
dog_1467,Dog
dog_1468,Dog
dog_1469,Dog
dog_147,Dog
dog_1470,Dog
dog_1471,Dog
dog_1472,Dog
dog_1473,Dog
dog_1474,Dog
dog_1475,Dog
dog_1476,Dog
dog_1477,Dog
dog_1478,Dog
dog_1479,Dog
dog_148,Dog
dog_1480,Dog
dog_1481,Dog
dog_1482,Dog
dog_1483,Dog
dog_1484,Dog
dog_1485,Dog
dog_1486,Dog
dog_1487,Dog
dog_1488,Dog
dog_1489,Dog
dog_149,Dog
dog_1490,Dog
dog_1491,Dog
dog_1492,Dog
dog_1493,Dog
dog_1494,Dog
dog_1495,Dog
dog_1496,Dog
dog_1497,Dog
dog_1498,Dog
dog_1499,Dog
dog_15,Dog
dog_150,Dog
dog_1500,Dog
dog_1501,Dog
dog_1502,Dog
dog_1503,Dog
dog_1504,Dog
dog_1505,Dog
dog_1506,Dog
dog_1507,Dog
dog_1508,Dog
dog_1509,Dog
dog_151,Dog
dog_1510,Dog
dog_1511,Dog
dog_1512,Dog
dog_1513,Dog
dog_1514,Dog
dog_1515,Dog
dog_1516,Dog
dog_1517,Dog
dog_1518,Dog
dog_1519,Dog
dog_152,Dog
dog_1520,Dog
dog_1521,Dog
dog_1522,Dog
dog_1523,Dog
dog_1524,Dog
dog_1525,Dog
dog_1526,Dog
dog_1527,Dog
dog_1528,Dog
dog_1529,Dog
dog_153,Dog
dog_1530,Dog
dog_1531,Dog
dog_1532,Dog
dog_1533,Dog
dog_1534,Dog
dog_1535,Dog
dog_1536,Dog
dog_1537,Dog
dog_1538,Dog
dog_1539,Dog
dog_154,Dog
dog_1540,Dog
dog_1541,Dog
dog_1542,Dog
dog_1543,Dog
dog_1544,Dog
dog_1545,Dog
dog_1546,Dog
dog_1547,Dog
dog_1548,Dog
dog_1549,Dog
dog_155,Dog
dog_1550,Dog
dog_1551,Dog
dog_1552,Dog
dog_1553,Dog
dog_1554,Dog
dog_1555,Dog
dog_1556,Dog
dog_1557,Dog
dog_1558,Dog
dog_1559,Dog
dog_156,Dog
dog_1560,Dog
dog_1561,Dog
dog_1562,Dog
dog_1563,Dog
dog_1564,Dog
dog_1565,Dog
dog_1566,Dog
dog_1567,Dog
dog_1568,Dog
dog_1569,Dog
dog_157,Dog
dog_1570,Dog
dog_1571,Dog
dog_1572,Dog
dog_1573,Dog
dog_1574,Dog
dog_1575,Dog
dog_1576,Dog
dog_1577,Dog
dog_1578,Dog
dog_1579,Dog
dog_158,Dog
dog_1580,Dog
dog_1581,Dog
dog_1582,Dog
dog_1583,Dog
dog_1584,Dog
dog_1585,Dog
dog_1586,Dog
dog_1587,Dog
dog_1588,Dog
dog_1589,Dog
dog_159,Dog
dog_1590,Dog
dog_1591,Dog
dog_1592,Dog
dog_1593,Dog
dog_1594,Dog
dog_1595,Dog
dog_1596,Dog
dog_1597,Dog
dog_1598,Dog
dog_1599,Dog
dog_16,Dog
dog_160,Dog
dog_1600,Dog
dog_1601,Dog
dog_1602,Dog
dog_1603,Dog
dog_1604,Dog
dog_1605,Dog
dog_1606,Dog
dog_1607,Dog
dog_1608,Dog
dog_1609,Dog
dog_161,Dog
dog_1610,Dog
dog_1611,Dog
dog_1612,Dog
dog_1613,Dog
dog_1614,Dog
dog_1615,Dog
dog_1616,Dog
dog_1617,Dog
dog_1618,Dog
dog_1619,Dog
dog_162,Dog
dog_1620,Dog
dog_1621,Dog
dog_1622,Dog
dog_1623,Dog
dog_1624,Dog
dog_1625,Dog
dog_1626,Dog
dog_1627,Dog
dog_1628,Dog
dog_1629,Dog
dog_163,Dog
dog_1630,Dog
dog_1631,Dog
dog_1632,Dog
dog_1633,Dog
dog_1634,Dog
dog_1635,Dog
dog_1636,Dog
dog_1637,Dog
dog_1638,Dog
dog_1639,Dog
dog_164,Dog
dog_1640,Dog
dog_1641,Dog
dog_1642,Dog
dog_1643,Dog
dog_1644,Dog
dog_1645,Dog
dog_1646,Dog
dog_1647,Dog
dog_1648,Dog
dog_1649,Dog
dog_165,Dog
dog_1650,Dog
dog_1651,Dog
dog_1652,Dog
dog_1653,Dog
dog_1654,Dog
dog_1655,Dog
dog_1656,Dog
dog_1657,Dog
dog_1658,Dog
dog_1659,Dog
dog_166,Dog
dog_1660,Dog
dog_1661,Dog
dog_1662,Dog
dog_1663,Dog
dog_1664,Dog
dog_1665,Dog
dog_1666,Dog
dog_1667,Dog
dog_1668,Dog
dog_1669,Dog
dog_167,Dog
dog_1670,Dog
dog_1671,Dog
dog_1672,Dog
dog_1673,Dog
dog_1674,Dog
dog_1675,Dog
dog_1676,Dog
dog_1677,Dog
dog_1678,Dog
dog_1679,Dog
dog_168,Dog
dog_1680,Dog
dog_1681,Dog
dog_1682,Dog
dog_1683,Dog
dog_1684,Dog
dog_1685,Dog
dog_1686,Dog
dog_1687,Dog
dog_1688,Dog
dog_1689,Dog
dog_169,Dog
dog_1690,Dog
dog_1691,Dog
dog_1692,Dog
dog_1693,Dog
dog_1694,Dog
dog_1695,Dog
dog_1696,Dog
dog_1697,Dog
dog_1698,Dog
dog_1699,Dog
dog_17,Dog
dog_170,Dog
dog_1700,Dog
dog_1701,Dog
dog_1702,Dog
dog_1703,Dog
dog_1704,Dog
dog_1705,Dog
dog_1706,Dog
dog_1707,Dog
dog_1708,Dog
dog_1709,Dog
dog_171,Dog
dog_1710,Dog
dog_1711,Dog
dog_1712,Dog
dog_1713,Dog
dog_1714,Dog
dog_1715,Dog
dog_1716,Dog
dog_1717,Dog
dog_1718,Dog
dog_1719,Dog
dog_172,Dog
dog_1720,Dog
dog_1721,Dog
dog_1722,Dog
dog_1723,Dog
dog_1724,Dog
dog_1725,Dog
dog_1726,Dog
dog_1727,Dog
dog_1728,Dog
dog_1729,Dog
dog_173,Dog
dog_1730,Dog
dog_1731,Dog
dog_1732,Dog
dog_1733,Dog
dog_1734,Dog
dog_1735,Dog
dog_1736,Dog
dog_1737,Dog
dog_1738,Dog
dog_1739,Dog
dog_174,Dog
dog_1740,Dog
dog_1741,Dog
dog_1742,Dog
dog_1743,Dog
dog_1744,Dog
dog_1745,Dog
dog_1746,Dog
dog_1747,Dog
dog_1748,Dog
dog_1749,Dog
dog_175,Dog
dog_1750,Dog
dog_1751,Dog
dog_1752,Dog
dog_1753,Dog
dog_1754,Dog
dog_1755,Dog
dog_1756,Dog
dog_1757,Dog
dog_1758,Dog
dog_1759,Dog
dog_176,Dog
dog_1760,Dog
dog_1761,Dog
dog_1762,Dog
dog_1763,Dog
dog_1764,Dog
dog_1765,Dog
dog_1766,Dog
dog_1767,Dog
dog_1768,Dog
dog_1769,Dog
dog_177,Dog
dog_1770,Dog
dog_1771,Dog
dog_1772,Dog
dog_1773,Dog
dog_1774,Dog
dog_1775,Dog
dog_1776,Dog
dog_1777,Dog
dog_1778,Dog
dog_1779,Dog
dog_178,Dog
dog_1780,Dog
dog_1781,Dog
dog_1782,Dog
dog_1783,Dog
dog_1784,Dog
dog_1785,Dog
dog_1786,Dog
dog_1787,Dog
dog_1788,Dog
dog_1789,Dog
dog_179,Dog
dog_1790,Dog
dog_1791,Dog
dog_1792,Dog
dog_1793,Dog
dog_1794,Dog
dog_1795,Dog
dog_1796,Dog
dog_1797,Dog
dog_1798,Dog
dog_1799,Dog
dog_18,Dog
dog_180,Dog
dog_1800,Dog
dog_1801,Dog
dog_1802,Dog
dog_1803,Dog
dog_1804,Dog
dog_1805,Dog
dog_1806,Dog
dog_1807,Dog
dog_1808,Dog
dog_1809,Dog
dog_181,Dog
dog_1810,Dog
dog_1811,Dog
dog_1812,Dog
dog_1813,Dog
dog_1814,Dog
dog_1815,Dog
dog_1816,Dog
dog_1817,Dog
dog_1818,Dog
dog_1819,Dog
dog_182,Dog
dog_1820,Dog
dog_1821,Dog
dog_1822,Dog
dog_1823,Dog
dog_1824,Dog
dog_1825,Dog
dog_1826,Dog
dog_1827,Dog
dog_1828,Dog
dog_1829,Dog
dog_183,Dog
dog_1830,Dog
dog_1831,Dog
dog_1832,Dog
dog_1833,Dog
dog_1834,Dog
dog_1835,Dog
dog_1836,Dog
dog_1837,Dog
dog_1838,Dog
dog_1839,Dog
dog_184,Dog
dog_1840,Dog
dog_1841,Dog
dog_1842,Dog
dog_1843,Dog
dog_1844,Dog
dog_1845,Dog
dog_1846,Dog
dog_1847,Dog
dog_1848,Dog
dog_1849,Dog
dog_185,Dog
dog_1850,Dog
dog_1851,Dog
dog_1852,Dog
dog_1853,Dog
dog_1854,Dog
dog_1855,Dog
dog_1856,Dog
dog_1857,Dog
dog_1858,Dog
dog_1859,Dog
dog_186,Dog
dog_1860,Dog
dog_1861,Dog
dog_1862,Dog
dog_1863,Dog
dog_1864,Dog
dog_1865,Dog
dog_1866,Dog
dog_1867,Dog
dog_1868,Dog
dog_1869,Dog
dog_187,Dog
dog_1870,Dog
dog_1871,Dog
dog_1872,Dog
dog_1873,Dog
dog_1874,Dog
dog_1875,Dog
dog_1876,Dog
dog_1877,Dog
dog_1878,Dog
dog_1879,Dog
dog_188,Dog
dog_1880,Dog
dog_1881,Dog
dog_1882,Dog
dog_1883,Dog
dog_1884,Dog
dog_1885,Dog
dog_1886,Dog
dog_1887,Dog
dog_1888,Dog
dog_1889,Dog
dog_189,Dog
dog_1890,Dog
dog_1891,Dog
dog_1892,Dog
dog_1893,Dog
dog_1894,Dog
dog_1895,Dog
dog_1896,Dog
dog_1897,Dog
dog_1898,Dog
dog_1899,Dog
dog_19,Dog
dog_190,Dog
dog_1900,Dog
dog_1901,Dog
dog_1902,Dog
dog_1903,Dog
dog_1904,Dog
dog_1905,Dog
dog_1906,Dog
dog_1907,Dog
dog_1908,Dog
dog_1909,Dog
dog_191,Dog
dog_1910,Dog
dog_1911,Dog
dog_1912,Dog
dog_1913,Dog
dog_1914,Dog
dog_1915,Dog
dog_1916,Dog
dog_1917,Dog
dog_1918,Dog
dog_1919,Dog
dog_192,Dog
dog_1920,Dog
dog_1921,Dog
dog_1922,Dog
dog_1923,Dog
dog_1924,Dog
dog_1925,Dog
dog_1926,Dog
dog_1927,Dog
dog_1928,Dog
dog_1929,Dog
dog_193,Dog
dog_1930,Dog
dog_1931,Dog
dog_1932,Dog
dog_1933,Dog
dog_1934,Dog
dog_1935,Dog
dog_1936,Dog
dog_1937,Dog
dog_1938,Dog
dog_1939,Dog
dog_194,Dog
dog_1940,Dog
dog_1941,Dog
dog_1942,Dog
dog_1943,Dog
dog_1944,Dog
dog_1945,Dog
dog_1946,Dog
dog_1947,Dog
dog_1948,Dog
dog_1949,Dog
dog_195,Dog
dog_1950,Dog
dog_1951,Dog
dog_1952,Dog
dog_1953,Dog
dog_1954,Dog
dog_1955,Dog
dog_1956,Dog
dog_1957,Dog
dog_1958,Dog
dog_1959,Dog
dog_196,Dog
dog_1960,Dog
dog_1961,Dog
dog_1962,Dog
dog_1963,Dog
dog_1964,Dog
dog_1965,Dog
dog_1966,Dog
dog_1967,Dog
dog_1968,Dog
dog_1969,Dog
dog_197,Dog
dog_1970,Dog
dog_1971,Dog
dog_1972,Dog
dog_1973,Dog
dog_1974,Dog
dog_1975,Dog
dog_1976,Dog
dog_1977,Dog
dog_1978,Dog
dog_1979,Dog
dog_198,Dog
dog_1980,Dog
dog_1981,Dog
dog_1982,Dog
dog_1983,Dog
dog_1984,Dog
dog_1985,Dog
dog_1986,Dog
dog_1987,Dog
dog_1988,Dog
dog_1989,Dog
dog_199,Dog
dog_1990,Dog
dog_1991,Dog
dog_1992,Dog
dog_1993,Dog
dog_1994,Dog
dog_1995,Dog
dog_1996,Dog
dog_1997,Dog
dog_1998,Dog
dog_1999,Dog
dog_2,Dog
dog_20,Dog
dog_200,Dog
dog_2000,Dog
dog_2001,Dog
dog_2002,Dog
dog_2003,Dog
dog_2004,Dog
dog_2005,Dog
dog_2006,Dog
dog_2007,Dog
dog_2008,Dog
dog_2009,Dog
dog_201,Dog
dog_2010,Dog
dog_2011,Dog
dog_2012,Dog
dog_2013,Dog
dog_2014,Dog
dog_202,Dog
dog_203,Dog
dog_204,Dog
dog_205,Dog
dog_206,Dog
dog_207,Dog
dog_208,Dog
dog_209,Dog
dog_21,Dog
dog_210,Dog
dog_211,Dog
dog_212,Dog
dog_213,Dog
dog_214,Dog
dog_215,Dog
dog_216,Dog
dog_217,Dog
dog_218,Dog
dog_219,Dog
dog_22,Dog
dog_220,Dog
dog_221,Dog
dog_222,Dog
dog_223,Dog
dog_224,Dog
dog_225,Dog
dog_226,Dog
dog_227,Dog
dog_228,Dog
dog_229,Dog
dog_23,Dog
dog_230,Dog
dog_231,Dog
dog_232,Dog
dog_233,Dog
dog_234,Dog
dog_235,Dog
dog_236,Dog
dog_237,Dog
dog_238,Dog
dog_239,Dog
dog_24,Dog
dog_240,Dog
dog_241,Dog
dog_242,Dog
dog_243,Dog
dog_244,Dog
dog_245,Dog
dog_246,Dog
dog_247,Dog
dog_248,Dog
dog_249,Dog
dog_25,Dog
dog_250,Dog
dog_251,Dog
dog_252,Dog
dog_253,Dog
dog_254,Dog
dog_255,Dog
dog_256,Dog
dog_257,Dog
dog_258,Dog
dog_259,Dog
dog_26,Dog
dog_260,Dog
dog_261,Dog
dog_262,Dog
dog_263,Dog
dog_264,Dog
dog_265,Dog
dog_266,Dog
dog_267,Dog
dog_268,Dog
dog_269,Dog
dog_27,Dog
dog_270,Dog
dog_271,Dog
dog_272,Dog
dog_273,Dog
dog_274,Dog
dog_275,Dog
dog_276,Dog
dog_277,Dog
dog_278,Dog
dog_279,Dog
dog_28,Dog
dog_280,Dog
dog_281,Dog
dog_282,Dog
dog_283,Dog
dog_284,Dog
dog_285,Dog
dog_286,Dog
dog_287,Dog
dog_288,Dog
dog_289,Dog
dog_29,Dog
dog_290,Dog
dog_291,Dog
dog_292,Dog
dog_293,Dog
dog_294,Dog
dog_295,Dog
dog_296,Dog
dog_297,Dog
dog_298,Dog
dog_299,Dog
dog_3,Dog
dog_30,Dog
dog_300,Dog
dog_301,Dog
dog_302,Dog
dog_303,Dog
dog_304,Dog
dog_305,Dog
dog_306,Dog
dog_307,Dog
dog_308,Dog
dog_309,Dog
dog_31,Dog
dog_310,Dog
dog_311,Dog
dog_312,Dog
dog_313,Dog
dog_314,Dog
dog_315,Dog
dog_316,Dog
dog_317,Dog
dog_318,Dog
dog_319,Dog
dog_32,Dog
dog_320,Dog
dog_321,Dog
dog_322,Dog
dog_323,Dog
dog_324,Dog
dog_325,Dog
dog_326,Dog
dog_327,Dog
dog_328,Dog
dog_329,Dog
dog_33,Dog
dog_330,Dog
dog_331,Dog
dog_332,Dog
dog_333,Dog
dog_334,Dog
dog_335,Dog
dog_336,Dog
dog_337,Dog
dog_338,Dog
dog_339,Dog
dog_34,Dog
dog_340,Dog
dog_341,Dog
dog_342,Dog
dog_343,Dog
dog_344,Dog
dog_345,Dog
dog_346,Dog
dog_347,Dog
dog_348,Dog
dog_349,Dog
dog_35,Dog
dog_350,Dog
dog_351,Dog
dog_352,Dog
dog_353,Dog
dog_354,Dog
dog_355,Dog
dog_356,Dog
dog_357,Dog
dog_358,Dog
dog_359,Dog
dog_36,Dog
dog_360,Dog
dog_361,Dog
dog_362,Dog
dog_363,Dog
dog_364,Dog
dog_365,Dog
dog_366,Dog
dog_367,Dog
dog_368,Dog
dog_369,Dog
dog_37,Dog
dog_370,Dog
dog_371,Dog
dog_372,Dog
dog_373,Dog
dog_374,Dog
dog_375,Dog
dog_376,Dog
dog_377,Dog
dog_378,Dog
dog_379,Dog
dog_38,Dog
dog_380,Dog
dog_381,Dog
dog_382,Dog
dog_383,Dog
dog_384,Dog
dog_385,Dog
dog_386,Dog
dog_387,Dog
dog_388,Dog
dog_389,Dog
dog_39,Dog
dog_390,Dog
dog_391,Dog
dog_392,Dog
dog_393,Dog
dog_394,Dog
dog_395,Dog
dog_396,Dog
dog_397,Dog
dog_398,Dog
dog_399,Dog
dog_4,Dog
dog_40,Dog
dog_400,Dog
dog_401,Dog
dog_402,Dog
dog_403,Dog
dog_404,Dog
dog_405,Dog
dog_406,Dog
dog_407,Dog
dog_408,Dog
dog_409,Dog
dog_41,Dog
dog_410,Dog
dog_411,Dog
dog_412,Dog
dog_413,Dog
dog_414,Dog
dog_415,Dog
dog_416,Dog
dog_417,Dog
dog_418,Dog
dog_419,Dog
dog_42,Dog
dog_420,Dog
dog_421,Dog
dog_422,Dog
dog_423,Dog
dog_424,Dog
dog_425,Dog
dog_426,Dog
dog_427,Dog
dog_428,Dog
dog_429,Dog
dog_43,Dog
dog_430,Dog
dog_431,Dog
dog_432,Dog
dog_433,Dog
dog_434,Dog
dog_435,Dog
dog_436,Dog
dog_437,Dog
dog_438,Dog
dog_439,Dog
dog_44,Dog
dog_440,Dog
dog_441,Dog
dog_442,Dog
dog_443,Dog
dog_444,Dog
dog_445,Dog
dog_446,Dog
dog_447,Dog
dog_448,Dog
dog_449,Dog
dog_45,Dog
dog_450,Dog
dog_451,Dog
dog_452,Dog
dog_453,Dog
dog_454,Dog
dog_455,Dog
dog_456,Dog
dog_457,Dog
dog_458,Dog
dog_459,Dog
dog_46,Dog
dog_460,Dog
dog_461,Dog
dog_462,Dog
dog_463,Dog
dog_464,Dog
dog_465,Dog
dog_466,Dog
dog_467,Dog
dog_468,Dog
dog_469,Dog
dog_47,Dog
dog_470,Dog
dog_471,Dog
dog_472,Dog
dog_473,Dog
dog_474,Dog
dog_475,Dog
dog_476,Dog
dog_477,Dog
dog_478,Dog
dog_479,Dog
dog_48,Dog
dog_480,Dog
dog_481,Dog
dog_482,Dog
dog_483,Dog
dog_484,Dog
dog_485,Dog
dog_486,Dog
dog_487,Dog
dog_488,Dog
dog_489,Dog
dog_49,Dog
dog_490,Dog
dog_491,Dog
dog_492,Dog
dog_493,Dog
dog_494,Dog
dog_495,Dog
dog_496,Dog
dog_497,Dog
dog_498,Dog
dog_499,Dog
dog_5,Dog
dog_50,Dog
dog_500,Dog
dog_501,Dog
dog_502,Dog
dog_503,Dog
dog_504,Dog
dog_505,Dog
dog_506,Dog
dog_507,Dog
dog_508,Dog
dog_509,Dog
dog_51,Dog
dog_510,Dog
dog_511,Dog
dog_512,Dog
dog_513,Dog
dog_514,Dog
dog_515,Dog
dog_516,Dog
dog_517,Dog
dog_518,Dog
dog_519,Dog
dog_52,Dog
dog_520,Dog
dog_521,Dog
dog_522,Dog
dog_523,Dog
dog_524,Dog
dog_525,Dog
dog_526,Dog
dog_527,Dog
dog_528,Dog
dog_529,Dog
dog_53,Dog
dog_530,Dog
dog_531,Dog
dog_532,Dog
dog_533,Dog
dog_534,Dog
dog_535,Dog
dog_536,Dog
dog_537,Dog
dog_538,Dog
dog_539,Dog
dog_54,Dog
dog_540,Dog
dog_541,Dog
dog_542,Dog
dog_543,Dog
dog_544,Dog
dog_545,Dog
dog_546,Dog
dog_547,Dog
dog_548,Dog
dog_549,Dog
dog_55,Dog
dog_550,Dog
dog_551,Dog
dog_552,Dog
dog_553,Dog
dog_554,Dog
dog_555,Dog
dog_556,Dog
dog_557,Dog
dog_558,Dog
dog_559,Dog
dog_56,Dog
dog_560,Dog
dog_561,Dog
dog_562,Dog
dog_563,Dog
dog_564,Dog
dog_565,Dog
dog_566,Dog
dog_567,Dog
dog_568,Dog
dog_569,Dog
dog_57,Dog
dog_570,Dog
dog_571,Dog
dog_572,Dog
dog_573,Dog
dog_574,Dog
dog_575,Dog
dog_576,Dog
dog_577,Dog
dog_578,Dog
dog_579,Dog
dog_58,Dog
dog_580,Dog
dog_581,Dog
dog_582,Dog
dog_583,Dog
dog_584,Dog
dog_585,Dog
dog_586,Dog
dog_587,Dog
dog_588,Dog
dog_589,Dog
dog_59,Dog
dog_590,Dog
dog_591,Dog
dog_592,Dog
dog_593,Dog
dog_594,Dog
dog_595,Dog
dog_596,Dog
dog_597,Dog
dog_598,Dog
dog_599,Dog
dog_6,Dog
dog_60,Dog
dog_600,Dog
dog_601,Dog
dog_602,Dog
dog_603,Dog
dog_604,Dog
dog_605,Dog
dog_606,Dog
dog_607,Dog
dog_608,Dog
dog_609,Dog
dog_61,Dog
dog_610,Dog
dog_611,Dog
dog_612,Dog
dog_613,Dog
dog_614,Dog
dog_615,Dog
dog_616,Dog
dog_617,Dog
dog_618,Dog
dog_619,Dog
dog_62,Dog
dog_620,Dog
dog_621,Dog
dog_622,Dog
dog_623,Dog
dog_624,Dog
dog_625,Dog
dog_626,Dog
dog_627,Dog
dog_628,Dog
dog_629,Dog
dog_63,Dog
dog_630,Dog
dog_631,Dog
dog_632,Dog
dog_633,Dog
dog_634,Dog
dog_635,Dog
dog_636,Dog
dog_637,Dog
dog_638,Dog
dog_639,Dog
dog_64,Dog
dog_640,Dog
dog_641,Dog
dog_642,Dog
dog_643,Dog
dog_644,Dog
dog_645,Dog
dog_646,Dog
dog_647,Dog
dog_648,Dog
dog_649,Dog
dog_65,Dog
dog_650,Dog
dog_651,Dog
dog_652,Dog
dog_653,Dog
dog_654,Dog
dog_655,Dog
dog_656,Dog
dog_657,Dog
dog_658,Dog
dog_659,Dog
dog_66,Dog
dog_660,Dog
dog_661,Dog
dog_662,Dog
dog_663,Dog
dog_664,Dog
dog_665,Dog
dog_666,Dog
dog_667,Dog
dog_668,Dog
dog_669,Dog
dog_67,Dog
dog_670,Dog
dog_671,Dog
dog_672,Dog
dog_673,Dog
dog_674,Dog
dog_675,Dog
dog_676,Dog
dog_677,Dog
dog_678,Dog
dog_679,Dog
dog_68,Dog
dog_680,Dog
dog_681,Dog
dog_682,Dog
dog_683,Dog
dog_684,Dog
dog_685,Dog
dog_686,Dog
dog_687,Dog
dog_688,Dog
dog_689,Dog
dog_69,Dog
dog_690,Dog
dog_691,Dog
dog_692,Dog
dog_693,Dog
dog_694,Dog
dog_695,Dog
dog_696,Dog
dog_697,Dog
dog_698,Dog
dog_699,Dog
dog_7,Dog
dog_70,Dog
dog_700,Dog
dog_701,Dog
dog_702,Dog
dog_703,Dog
dog_704,Dog
dog_705,Dog
dog_706,Dog
dog_707,Dog
dog_708,Dog
dog_709,Dog
dog_71,Dog
dog_710,Dog
dog_711,Dog
dog_712,Dog
dog_713,Dog
dog_714,Dog
dog_715,Dog
dog_716,Dog
dog_717,Dog
dog_718,Dog
dog_719,Dog
dog_72,Dog
dog_720,Dog
dog_721,Dog
dog_722,Dog
dog_723,Dog
dog_724,Dog
dog_725,Dog
dog_726,Dog
dog_727,Dog
dog_728,Dog
dog_729,Dog
dog_73,Dog
dog_730,Dog
dog_731,Dog
dog_732,Dog
dog_733,Dog
dog_734,Dog
dog_735,Dog
dog_736,Dog
dog_737,Dog
dog_738,Dog
dog_739,Dog
dog_74,Dog
dog_740,Dog
dog_741,Dog
dog_742,Dog
dog_743,Dog
dog_744,Dog
dog_745,Dog
dog_746,Dog
dog_747,Dog
dog_748,Dog
dog_749,Dog
dog_75,Dog
dog_750,Dog
dog_751,Dog
dog_752,Dog
dog_753,Dog
dog_754,Dog
dog_755,Dog
dog_756,Dog
dog_757,Dog
dog_758,Dog
dog_759,Dog
dog_76,Dog
dog_760,Dog
dog_761,Dog
dog_762,Dog
dog_763,Dog
dog_764,Dog
dog_765,Dog
dog_766,Dog
dog_767,Dog
dog_768,Dog
dog_769,Dog
dog_77,Dog
dog_770,Dog
dog_771,Dog
dog_772,Dog
dog_773,Dog
dog_774,Dog
dog_775,Dog
dog_776,Dog
dog_777,Dog
dog_778,Dog
dog_779,Dog
dog_78,Dog
dog_780,Dog
dog_781,Dog
dog_782,Dog
dog_783,Dog
dog_784,Dog
dog_785,Dog
dog_786,Dog
dog_787,Dog
dog_788,Dog
dog_789,Dog
dog_79,Dog
dog_790,Dog
dog_791,Dog
dog_792,Dog
dog_793,Dog
dog_794,Dog
dog_795,Dog
dog_796,Dog
dog_797,Dog
dog_798,Dog
dog_799,Dog
dog_8,Dog
dog_80,Dog
dog_800,Dog
dog_801,Dog
dog_802,Dog
dog_803,Dog
dog_804,Dog
dog_805,Dog
dog_806,Dog
dog_807,Dog
dog_808,Dog
dog_809,Dog
dog_81,Dog
dog_810,Dog
dog_811,Dog
dog_812,Dog
dog_813,Dog
dog_814,Dog
dog_815,Dog
dog_816,Dog
dog_817,Dog
dog_818,Dog
dog_819,Dog
dog_82,Dog
dog_820,Dog
dog_821,Dog
dog_822,Dog
dog_823,Dog
dog_824,Dog
dog_825,Dog
dog_826,Dog
dog_827,Dog
dog_828,Dog
dog_829,Dog
dog_83,Dog
dog_830,Dog
dog_831,Dog
dog_832,Dog
dog_833,Dog
dog_834,Dog
dog_835,Dog
dog_836,Dog
dog_837,Dog
dog_838,Dog
dog_839,Dog
dog_84,Dog
dog_840,Dog
dog_841,Dog
dog_842,Dog
dog_843,Dog
dog_844,Dog
dog_845,Dog
dog_846,Dog
dog_847,Dog
dog_848,Dog
dog_849,Dog
dog_85,Dog
dog_850,Dog
dog_851,Dog
dog_852,Dog
dog_853,Dog
dog_854,Dog
dog_855,Dog
dog_856,Dog
dog_857,Dog
dog_858,Dog
dog_859,Dog
dog_86,Dog
dog_860,Dog
dog_861,Dog
dog_862,Dog
dog_863,Dog
dog_864,Dog
dog_865,Dog
dog_866,Dog
dog_867,Dog
dog_868,Dog
dog_869,Dog
dog_87,Dog
dog_870,Dog
dog_871,Dog
dog_872,Dog
dog_873,Dog
dog_874,Dog
dog_875,Dog
dog_876,Dog
dog_877,Dog
dog_878,Dog
dog_879,Dog
dog_88,Dog
dog_880,Dog
dog_881,Dog
dog_882,Dog
dog_883,Dog
dog_884,Dog
dog_885,Dog
dog_886,Dog
dog_887,Dog
dog_888,Dog
dog_889,Dog
dog_89,Dog
dog_890,Dog
dog_891,Dog
dog_892,Dog
dog_893,Dog
dog_894,Dog
dog_895,Dog
dog_896,Dog
dog_897,Dog
dog_898,Dog
dog_899,Dog
dog_9,Dog
dog_90,Dog
dog_900,Dog
dog_901,Dog
dog_902,Dog
dog_903,Dog
dog_904,Dog
dog_905,Dog
dog_906,Dog
dog_907,Dog
dog_908,Dog
dog_909,Dog
dog_91,Dog
dog_910,Dog
dog_911,Dog
dog_912,Dog
dog_913,Dog
dog_914,Dog
dog_915,Dog
dog_916,Dog
dog_917,Dog
dog_918,Dog
dog_919,Dog
dog_92,Dog
dog_920,Dog
dog_921,Dog
dog_922,Dog
dog_923,Dog
dog_924,Dog
dog_925,Dog
dog_926,Dog
dog_927,Dog
dog_928,Dog
dog_929,Dog
dog_93,Dog
dog_930,Dog
dog_931,Dog
dog_932,Dog
dog_933,Dog
dog_934,Dog
dog_935,Dog
dog_936,Dog
dog_937,Dog
dog_938,Dog
dog_939,Dog
dog_94,Dog
dog_940,Dog
dog_941,Dog
dog_942,Dog
dog_943,Dog
dog_944,Dog
dog_945,Dog
dog_946,Dog
dog_947,Dog
dog_948,Dog
dog_949,Dog
dog_95,Dog
dog_950,Dog
dog_951,Dog
dog_952,Dog
dog_953,Dog
dog_954,Dog
dog_955,Dog
dog_956,Dog
dog_957,Dog
dog_958,Dog
dog_959,Dog
dog_96,Dog
dog_960,Dog
dog_961,Dog
dog_962,Dog
dog_963,Dog
dog_964,Dog
dog_965,Dog
dog_966,Dog
dog_967,Dog
dog_968,Dog
dog_969,Dog
dog_97,Dog
dog_970,Dog
dog_971,Dog
dog_972,Dog
dog_973,Dog
dog_974,Dog
dog_975,Dog
dog_976,Dog
dog_977,Dog
dog_978,Dog
dog_979,Dog
dog_98,Dog
dog_980,Dog
dog_981,Dog
dog_982,Dog
dog_983,Dog
dog_984,Dog
dog_985,Dog
dog_986,Dog
dog_987,Dog
dog_988,Dog
dog_989,Dog
dog_99,Dog
dog_990,Dog
dog_991,Dog
dog_992,Dog
dog_993,Dog
dog_994,Dog
dog_995,Dog
dog_996,Dog
dog_997,Dog
dog_998,Dog
dog_999,Dog
